3811	RG	Sag: Ich heisse Barbara	my name is barbara	True	True	True
4481	RG	Sag: Ich heisse Barbara	my name is barbara	True	True	True
3688	RG	Sag: Ich möchte mit Schweizer Franken bezahlen	can i pay with swiss francs	True	True	True
3798	RG	Sag: Ich möchte mit Schweizer Franken bezahlen	can i pay with swiss francs	True	True	True
4530	RG	Sag: Ich möchte mit Schweizer Franken bezahlen	can i pay with swiss francs	True	True	True
3933	RG	Frag: braune Stiefel	i want brown boots	True	True	True
3744	RG	Sag: Ich möchte um 12 Uhr morgen abreisen	i want to leave tomorrow at noon	True	True	True
3922	RG	Frag: rote Sandalen	i want red sandals	True	True	True
4276	RG	Frag: rote Sandalen	i would like red sandals	True	True	True
4277	RG	Frag: rote Sandalen	red sandals	True	True	True
4651	RG	Frag: rote Sandalen	i would like red sandals	True	True	True
3701	RG	Sag: Ich möchte am Sonntag abreisen	i would like to leave on sunday	True	True	True
4477	RG	Sag: Ich möchte am Sonntag abreisen	i want to leave on sunday	True	True	True
4003	RG	Sag: Ich möchte hinten sitzen	i want to sit in the back	True	True	True
3690	RG	Frag: Zimmer für 7 Nächte	i want a room for seven nights	True	True	True
3782	RG	Frag: Zimmer für 7 Nächte	a room for seven nights	True	True	True
4000	RG	Frag: 2 Tickets für Mamma Mia	i need two tickets for mamma mia	True	True	True
3576	RG	Sag: Ich möchte am Montagabend gehen	i would like to go on monday night	True	True	True
3577	RG	Sag: Ich möchte am Montagabend gehen	i would like to go on monday night	True	True	True
3874	RG	Frag: meinen Hamburger rare	i want my hamburger rare	True	True	True
4329	RG	Frag: meinen Hamburger rare	i would like my hamburger rare	True	True	True
4330	RG	Frag: meinen Hamburger rare	i would like my hamburger rare	True	True	True
4331	RG	Frag: meinen Hamburger rare	i would like my hamburger rare	True	True	True
4152	RG	Sag: Im Zimmer hat es kein Shampoo	in the room there is no shampoo	True	True	True
4153	RG	Sag: Im Zimmer hat es kein Shampoo	there is no shampoo in the room	True	True	True
4154	RG	Sag: Im Zimmer hat es kein Shampoo	there is no shampoo in the room	True	True	True
4507	RG	Sag: Österreich ist nicht in Afrika	austria is not in africa	True	True	True
4669	RG	Sag: Das Hemd ist zu teuer	the shirt is too expensive	True	True	True
3704	RG	Sag: Ich heisse Brian	my name is brian	True	True	True
4583	RG	Frag: eine Fanta	can i have a fanta	True	True	True
4577	RG	Sag: Dies ist nicht was ich bestellt habe	this is not what i ordered	True	True	True
4600	RG	Sag: Dies ist nicht was ich bestellt habe	this is not what i ordered	True	True	True
4612	RG	Sag: Dies ist nicht was ich bestellt habe	this is not what what i ordered	True	True	True
3917	RG	Frag: eine L	i am a large	True	True	True
3928	RG	Frag: eine L	i am a large	True	True	True
4667	RG	Frag: eine L	i am a large	True	True	True
3673	RG	Sag: Ich habe keine Reservation	i do not have a reservation	True	True	True
3689	RG	Sag: Ich habe keine Reservation	i do not have a reservation	True	True	True
3770	RG	Sag: Ich habe keine Reservation	i have no reservation	True	True	True
3771	RG	Sag: Ich habe keine Reservation	i have no reservation	True	True	True
3773	RG	Sag: Ich habe keine Reservation	i have not got a reservation	True	True	True
3776	RG	Sag: Ich habe keine Reservation	i do not have a reservation	True	True	True
3777	RG	Sag: Ich habe keine Reservation	i do not have a reservation	True	True	True
3778	RG	Sag: Ich habe keine Reservation	i do not have a reservation	True	True	True
3781	RG	Sag: Ich habe keine Reservation	i do not have a reservation	True	True	True
3807	RG	Sag: Ich habe keine Reservation	i do not have a reservation	True	True	True
4014	RG	Sag: Ich habe keine Reservation	i have no reservation	True	True	True
4016	RG	Sag: Ich habe keine Reservation	i do not have a reservation	True	True	True
4131	RG	Sag: Ich habe keine Reservation	i do not have a reservation	True	True	True
4161	RG	Sag: Ich habe keine Reservation	i do not have a reservation	True	True	True
4187	RG	Sag: Ich habe keine Reservation	i have no reservation	True	True	True
4188	RG	Sag: Ich habe keine Reservation	i have not got a reservation	True	True	True
4236	RG	Sag: Ich habe keine Reservation	i do not have a reservation	True	True	True
4244	RG	Sag: Ich habe keine Reservation	i do not have a reservation	True	True	True
4264	RG	Sag: Ich habe keine Reservation	i do not have a reservation	True	True	True
4363	RG	Sag: Ich habe keine Reservation	i do not have a reservation	True	True	True
4370	RG	Sag: Ich habe keine Reservation	i do not have a reservation	True	True	True
3842	RG	Frag: Tickets für das British Museum	i need tickets for the british museum	True	True	True
3843	RG	Frag: Tickets für das British Museum	can i have tickets for the british museum	True	True	True
4004	RG	Frag: Tickets für das British Museum	i need tickets for the british museum	True	True	True
3658	RG	Frag: 4 Musical-Tickets	four musical tickets	True	True	True
3659	RG	Frag: 4 Musical-Tickets	four musical tickets	True	True	True
3660	RG	Frag: 4 Musical-Tickets	i would like to buy four musical tickets	True	True	True
4259	RG	Frag: 4 Musical-Tickets	can i have four musical tickets	True	True	True
4313	RG	Frag: 4 Musical-Tickets	four musical tickets	True	True	True
4315	RG	Frag: 4 Musical-Tickets	i would like to buy four musical tickets	True	True	True
4558	RG	Frag: 4 Musical-Tickets	can i have four musical tickets	True	True	True
3863	RG	Frag: Wo ist die National Gallery?	where is the national gallery	True	True	True
4622	RG	Frag: Wo ist die National Gallery?	where is the national gallery	True	True	True
3970	RG	Sag: Ich möchte am Freitagmorgen abreisen	i want to leave on friday morning	True	True	True
4283	RG	Frag: Wie viel kostet die Hose?	how much do the trousers cost	True	True	True
3872	RG	Frag: einen Orangensaft	i want an orange juice	True	True	True
3667	RG	Sag: Ich möchte in der achten Reihe sitzen	i want to sit in the eighth row	True	True	True
4319	RG	Frag: 4 Tickets für das Phantom der Oper	i want four tickets for the phantom of the opera	True	True	True
3936	RG	Frag: ein braunes T-Shirt	i want a brown tee shirt	True	True	True
3824	RG	Sag: Ich möchte in der vierten Reihe sitzen	i would like to sit in the fourth row	True	True	True
4545	RG	Sag: Ich möchte in der vierten Reihe sitzen	i would like to sit in the fourth row	True	True	True
4573	RG	Frag: den Sonntagsbraten	i would like the sunday roast	True	True	True
4574	RG	Frag: den Sonntagsbraten	can i have the sunday roast	True	True	True
3741	RG	Frag: Gibt es ein Fitnessstudio?	is there a gym	True	True	True
4255	RG	Frag: Gibt es ein Fitnessstudio?	is there a fitness room	True	True	True
4368	RG	Frag: Gibt es ein Fitnessstudio?	is there a gym	True	True	True
3830	RG	Frag: Ticket für dieses Musical	i want a ticket for this musical	True	True	True
3831	RG	Frag: Ticket für dieses Musical	i want tickets for this musical	True	True	True
3839	RG	Frag: Ticket für dieses Musical	i want a ticket for this musical	True	True	True
4406	RG	Sag: Ich habe 3 ältere Brüder	i have three older brothers	True	True	True
3571	RG	Frag: Zimmer für 1 Woche	i want a room for one week	True	True	True
3893	RG	Frag: Zimmer für 1 Woche	i would like a room for one week	True	True	True
3644	RG	Sag: Ich bin aus Österreich	i am from austria	True	True	True
4111	RG	Sag: Ich bin aus Österreich	i am from austria	True	True	True
4305	RG	Sag: Ich bin aus Österreich	i am from austria	True	True	True
4475	RG	Sag: Ich bin aus Österreich	i am from austria	True	True	True
4506	RG	Sag: Ich bin aus Österreich	i am from austria	True	True	True
4098	RG	Sag: Dies ist zu teuer	this is too expensive	True	True	True
4450	RG	Sag: Dies ist zu teuer	it is too expensive	True	True	True
4658	RG	Sag: Dies ist zu teuer	this is too expensive	True	True	True
4151	RG	Sag: Mein WC ist dreckig	my toilet is dirty	True	True	True
3590	RG	Frag: ein Ticket zum Green Park	i need a ticket to green park	True	True	True
3967	RG	Frag: ein Ticket zum Green Park	i need a ticket to green park	True	True	True
3975	RG	Sag: Ich heisse Stephanie	my name is stephanie	True	True	True
4091	RG	Frag: Jeans	i want some jeans	True	True	True
4044	RG	Frag: Gibt es eine Hotelbar?	do you have a hotel bar	True	True	True
4130	RG	Frag: Gibt es eine Hotelbar?	is there a hotel bar	True	True	True
3588	RG	Sag: Ich möchte mit Visa bezahlen	i would like to pay with visa	True	True	True
3589	RG	Sag: Ich möchte mit Visa bezahlen	i would like to pay with visa	True	True	True
3683	RG	Sag: Ich möchte mit Visa bezahlen	can i pay with visa	True	True	True
3686	RG	Sag: Ich möchte mit Visa bezahlen	can i pay with visa	True	True	True
4009	RG	Sag: Ich möchte mit Visa bezahlen	can i pay with visa	True	True	True
4019	RG	Sag: Ich möchte mit Visa bezahlen	can i pay with visa	True	True	True
4023	RG	Sag: Ich möchte mit Visa bezahlen	can i pay with visa	True	True	True
4062	RG	Sag: Ich möchte mit Visa bezahlen	can i pay with visa	True	True	True
4145	RG	Sag: Ich möchte mit Visa bezahlen	i want to pay by visa	True	True	True
4413	RG	Sag: Ich möchte mit Visa bezahlen	can i pay with visa	True	True	True
4533	RG	Sag: Ich möchte mit Visa bezahlen	can i pay with visa visa	True	True	True
3723	RG	Frag: Zimmer für 2 Nächte	a room for two nights	True	True	True
3724	RG	Frag: Zimmer für 2 Nächte	can i have a room for two nights	True	True	True
3791	RG	Frag: Zimmer für 2 Nächte	a room for two nights	True	True	True
3889	RG	Frag: Zimmer für 2 Nächte	a room for two nights	True	True	True
4017	RG	Frag: Zimmer für 2 Nächte	a room for two nights	True	True	True
4189	RG	Frag: Zimmer für 2 Nächte	a room for two nights	True	True	True
4364	RG	Frag: Zimmer für 2 Nächte	i want a room for two nights	True	True	True
3634	RG	Frag: 5 Tickets	five tickets	True	True	True
3622	RG	Sag: Ich bin aus der Türkei	i am from turkey	True	True	True
4302	RG	Sag: Ich möchte am Sonntagnachmittag abreisen	i would like to leave on sunday afternoon	True	True	True
4464	RG	Sag, dass du es nicht möchtest	i do not want it	True	True	True
4281	RG	Frag: pinkige Hosen	i would like pink trousers	True	True	True
4606	RG	Frag: eine Limonade	can i have a lemonade	True	True	True
3573	RG	Sag: Ich möchte mit Kreditkarte bezahlen	can i pay by credit card	True	True	True
3767	RG	Sag: Ich möchte mit Kreditkarte bezahlen	i would like to pay by credit card	True	True	True
3810	RG	Sag: Ich möchte mit Kreditkarte bezahlen	i want to pay with credit card	True	True	True
3968	RG	Sag: Ich möchte mit Kreditkarte bezahlen	i would like to pay by credit card	True	True	True
4129	RG	Sag: Ich möchte mit Kreditkarte bezahlen	i want to pay by credit card	True	True	True
4135	RG	Sag: Ich möchte mit Kreditkarte bezahlen	i want to pay pay by credit card	True	True	True
4174	RG	Sag: Ich möchte mit Kreditkarte bezahlen	i want to pay with credit card	True	True	True
4621	RG	Sag: Ich möchte mit Kreditkarte bezahlen	i would like to pay with credit card	True	True	True
4123	RG	Sag: Ich bin aus Schottland	i am from scotland	True	True	True
4504	RG	Sag: Ich bin aus Schottland	i am from scotland	True	True	True
4093	RG	Frag: weisse Jeans	i want white jeans	True	True	True
3805	RG	Frag: Stiefel	i would like some boots	True	True	True
3910	RG	Frag: Stiefel	i want boots	True	True	True
3932	RG	Frag: Stiefel	i want boots	True	True	True
4267	RG	Frag: Stiefel	i would like some boots	True	True	True
4439	RG	Frag: Stiefel	i would like boots	True	True	True
4660	RG	Frag: Stiefel	i would like boots	True	True	True
4052	RG	Frag: ein Ticket zum Trafalgar Square	a ticket to trafalgar square	True	True	True
4053	RG	Frag: ein Ticket zum Trafalgar Square	a ticket to trafalgar square	True	True	True
4061	RG	Frag: ein Ticket zum Trafalgar Square	can i have a ticket to trafalgar square	True	True	True
4463	RG	Sag du möchtest nicht: dieses Hemd	i do not want this shirt	True	True	True
3835	RG	Frag: 1 Musical-Ticket	i need one musical ticket	True	True	True
3898	RG	Frag: 1 Musical-Ticket	can i have one musical ticket	True	True	True
4415	RG	Frag: 1 Musical-Ticket	can i have one musical ticket	True	True	True
4548	RG	Frag: 1 Musical-Ticket	can i have one musical ticket	True	True	True
3981	RG	Sag: Das ist okay	this is okay	True	True	True
4509	RG	Sag: Das ist okay	that is okay	True	True	True
4510	RG	Sag: Das ist okay	that is okay	True	True	True
4511	RG	Sag: Das ist okay	that is okay	True	True	True
3894	RG	Frag: Suite	i would like a suite	True	True	True
4018	RG	Frag: Suite	i would like a suite	True	True	True
4252	RG	Frag: Suite	do you have a suite	True	True	True
4671	RG	Frag: Suite	can i have a suite	True	True	True
3700	RG	Frag: ein Ticket nach London	i want a ticket to london	True	True	True
3743	RG	Frag: ein Ticket nach London	i want a ticket to london	True	True	True
4196	RG	Frag: ein Ticket nach London	do you have a ticket to london	True	True	True
4398	RG	Frag: ein Ticket nach London	i want one ticket to london	True	True	True
4685	RG	Frag: ein Ticket nach London	can i have a ticket to london	True	True	True
4300	RG	Frag: 5 Tickets nach London	i would like five tickets to london	True	True	True
4488	RG	Sag: Ich habe 4 Schwestern	i have four sisters	True	True	True
3982	RG	Sag: Ich heisse Paul	my name is paul	True	True	True
4317	RG	Frag: 4 Tickets für Mittwochabend	four tickets for wednesday evening	True	True	True
4318	RG	Frag: 4 Tickets für Mittwochabend	i want four tickets for wednesday night	True	True	True
3867	RG	Frag: Wo ist der Zoo?	where is the zoo	True	True	True
4045	RG	Frag: Wo ist die Hotelbar?	where is the hotel bar	True	True	True
3707	RG	Sag: Ich bin aus Portugal	i am from portugal	True	True	True
4701	RG	Sag: Ich bin aus Portugal	i am from portugal	True	True	True
4005	RG	Frag: 3 Tickets	i need three tickets	True	True	True
4563	RG	Frag: 3 Tickets	can i have three tickets	True	True	True
3717	RG	Sag: Ich möchte mit Postkarte bezahlen	i would like to pay by post card	True	True	True
3718	RG	Sag: Ich möchte mit Postkarte bezahlen	i would like to pay by post card	True	True	True
3786	RG	Sag: Ich möchte mit Postkarte bezahlen	i would like to pay by post card	True	True	True
3795	RG	Sag: Ich möchte mit Postkarte bezahlen	i would like to pay by post card	True	True	True
4422	RG	Frag: Tickets für die National Gallery	i would like tickets for the national gallery	True	True	True
4556	RG	Frag: Tickets für die National Gallery	can i have tickets for the national gallery	True	True	True
4562	RG	Frag: Tickets für die National Gallery	can i have tickets for the national gallery	True	True	True
3684	RG	Frag: Gibt es ein Hotelrestaurant?	is there a hotel restaurant	True	True	True
4012	RG	Frag: Gibt es ein Hotelrestaurant?	is there a hotel restaurant	True	True	True
4137	RG	Frag: Gibt es ein Hotelrestaurant?	is there a hotel restaurant	True	True	True
4194	RG	Frag: Gibt es ein Hotelrestaurant?	is there a hotel restaurant	True	True	True
4374	RG	Frag: Gibt es ein Hotelrestaurant?	is there a hotel restaurant	True	True	True
4380	RG	Frag: Gibt es ein Hotelrestaurant?	is there a hotel restaurant	True	True	True
4429	RG	Frag: Gibt es ein Hotelrestaurant?	is there a hotel restaurant	True	True	True
3806	RG	Frag: blaue Stiefel	i i would like blue boots	True	True	True
4661	RG	Frag: blaue Stiefel	i would like blue boots	True	True	True
4567	RG	Frag: meinen Hamburger medium	i would like my hamburger medium	True	True	True
3856	RG	Frag: Wo ist Piccadilly Circus?	where is piccadilly circus	True	True	True
4624	RG	Frag: Wo ist Piccadilly Circus?	could you give me directions to piccadilly circus	True	True	True
4166	RG	Frag: Gibt es ein Schwimmbad?	do you have a swimming pool	True	True	True
3954	RG	Sag: Die Hauptstadt von Italien ist Rom	the capital of italy is rome	True	True	True
3812	RG	Sag: Ich bin aus Frankreich	i am from france	True	True	True
3883	RG	Frag: Ich möchte die Rechnung	i would like the bill	True	True	True
4339	RG	Frag: Ich möchte die Rechnung	i would like the check	True	True	True
4581	RG	Frag: Ich möchte die Rechnung	can i have the bill	True	True	True
4604	RG	Frag: Ich möchte die Rechnung	can i have the bill	True	True	True
4619	RG	Frag: Ich möchte die Rechnung	can i have the bill	True	True	True
3953	RG	Sag: Ich bin aus Italien	i am from italy	True	True	True
4694	RG	Sag: Ich bin aus Italien	i am from italy	True	True	True
3995	RG	Sag: Ich möchte in der fünften Reihe sitzen	i would like to sit in the fifth row	True	True	True
4420	RG	Sag: Ich möchte in der fünften Reihe sitzen	i would like to sit in the fifth row	True	True	True
4421	RG	Sag: Ich möchte in der fünften Reihe sitzen	i want to sit in the fifth row	True	True	True
4278	RG	Frag: Grösse 42	forty two	True	True	True
4112	RG	Sag: Ich heisse Erica	my name is erica	True	True	True
4497	RG	Sag: Ich heisse Erica	my name is erica	True	True	True
4664	RG	Frag: ein gelbes Hemd	i would like a yellow shirt	True	True	True
3923	RG	Frag: Grösse 38	thirty eight	True	True	True
3829	RG	Frag: 3 Tickets für Wicked	i need three tickets for wicked	True	True	True
4544	RG	Frag: 3 Tickets für Wicked	can i have three tickets for wicked	True	True	True
3809	RG	Frag: Junior Suite	a junior suite	True	True	True
4022	RG	Frag: Junior Suite	i would like a junior suite	True	True	True
4351	RG	Frag: ein rotes T-Shirt	i want a red tee shirt	True	True	True
3854	RG	Sag: Der Tower ist nahe der Tower Bridge	the tower is near the tower bridge	True	True	True
3866	RG	Sag: Der Tower ist nahe der Tower Bridge	the tower is near tower bridge	True	True	True
3870	RG	Sag: Der Tower ist nahe der Tower Bridge	the tower is near tower bridge	True	True	True
4630	RG	Sag: Der Tower ist nahe der Tower Bridge	the tower is near tower bridge	True	True	True
3980	RG	Frag: billigeres Ticket	i want a cheaper ticket	True	True	True
3978	RG	Sag: Ich möchte um 8 Uhr morgen abreisen	i want to leave at eight o'clock tomorrow	True	True	True
3572	RG	Frag: Twinzimmer	a twin room	True	True	True
4008	RG	Frag: Twinzimmer	a twin room	True	True	True
4033	RG	Frag: Twinzimmer	a twin room	True	True	True
4042	RG	Frag: Twinzimmer	a twin room	True	True	True
4051	RG	Frag: Twinzimmer	a twin room	True	True	True
4171	RG	Frag: Twinzimmer	twin room	True	True	True
4172	RG	Frag: Twinzimmer	a twin room	True	True	True
4508	RG	Sag: Österreich ist in Europa	austria is in europe	True	True	True
4523	RG	Sag: Ich habe nur grosse Noten	i only have large notes	True	True	True
4565	RG	Frag: einen Tee	i would like a tea	True	True	True
3693	RG	Frag: Gibt es einen Coiffeur?	is there a hairdresser	True	True	True
4028	RG	Frag: Gibt es einen Coiffeur?	is there a hairdresser	True	True	True
4035	RG	Frag: Gibt es einen Coiffeur?	do you have a hairdresser	True	True	True
4149	RG	Frag: Gibt es einen Coiffeur?	is there a hairdresser	True	True	True
4223	RG	Frag: Gibt es einen Coiffeur?	is there a hairdresser	True	True	True
4673	RG	Frag: Gibt es einen Coiffeur?	is there a hairdresser	True	True	True
3882	RG	Frag: Karrotenkuchen	can i have the carrot cake	True	True	True
3813	RG	Sag: Die Hauptstadt von Frankreich ist Paris	the capital of france is paris	True	True	True
3960	RG	Sag: Ich heisse Michelle	my name is michelle	True	True	True
4200	RG	Sag: Ich heisse Michelle	my name is michelle	True	True	True
4501	RG	Sag: Ich heisse Michelle	my name is michelle	True	True	True
3973	RG	Frag: 6 Tickets nach London	i need six tickets to london	True	True	True
4226	RG	Frag: Wo ist das Science Museum?	where where is the science museum	True	True	True
4228	RG	Frag: Wo ist das Science Museum?	where is the science museum	True	True	True
4627	RG	Frag: Wo ist das Science Museum?	where is the science museum	True	True	True
4634	RG	Frag: Wo ist das Science Museum?	where is the science museum	True	True	True
4643	RG	Frag: Wo ist das Science Museum?	where is the science museum	True	True	True
3861	RG	Frag: Wo ist der Tower?	where is the tower	True	True	True
4229	RG	Frag: Wo ist der Tower?	where is the tower	True	True	True
4230	RG	Frag: Wo ist der Tower?	where is the tower	True	True	True
4645	RG	Frag: Wo ist der Tower?	where is the tower	True	True	True
3905	RG	Frag: ein Ticket für Starlight Express	a ticket for starlight express	True	True	True
3656	RG	Frag: ein Ticket zum Piccadilly Circus	i would like a ticket to piccadilly circus	True	True	True
3800	RG	Frag: ein Ticket zum Piccadilly Circus	i want a ticket to piccadilly circus	True	True	True
4468	RG	Frag: ein Ticket zum Piccadilly Circus	i will have a ticket to piccadilly circus	True	True	True
4597	RG	Frag: die Tagessuppe	can i have the soup of the day	True	True	True
4108	RG	Sag: Ich möchte um 16 Uhr morgen abreisen	i would like to leave tomorrow at four p m	True	True	True
4199	RG	Sag: Ich möchte um 16 Uhr morgen abreisen	i would like to leave tomorrow at four p m	True	True	True
3720	RG	Frag: 2 Tickets für Montagabend	i want two tickets for monday evening	True	True	True
3636	RG	Frag: Einzelzimmer	a single room	True	True	True
3637	RG	Frag: Einzelzimmer	a single room	True	True	True
3638	RG	Frag: Einzelzimmer	a single room	True	True	True
3725	RG	Frag: Einzelzimmer	single room	True	True	True
3726	RG	Frag: Einzelzimmer	single room	True	True	True
3727	RG	Frag: Einzelzimmer	single room	True	True	True
3737	RG	Frag: Einzelzimmer	i want a single room	True	True	True
4026	RG	Frag: Einzelzimmer	i would like a single room	True	True	True
4125	RG	Frag: Einzelzimmer	single room	True	True	True
4126	RG	Frag: Einzelzimmer	a single room	True	True	True
4133	RG	Frag: Einzelzimmer	a single room	True	True	True
4142	RG	Frag: Einzelzimmer	single room	True	True	True
4143	RG	Frag: Einzelzimmer	a single room	True	True	True
4144	RG	Frag: Einzelzimmer	single room	True	True	True
4365	RG	Frag: Einzelzimmer	can i have a single room	True	True	True
4372	RG	Frag: Einzelzimmer	can i have a single room	True	True	True
3921	RG	Frag: Sandalen	i want sandals	True	True	True
3941	RG	Frag: Sandalen	i want sandals	True	True	True
4274	RG	Frag: Sandalen	i would like sandals	True	True	True
4347	RG	Frag: Sandalen	i would like sandals	True	True	True
4452	RG	Frag: Sandalen	i am looking for sandals	True	True	True
3669	RG	Frag: Tickets für das Naturhistorische Museum	i want tickets for the natural history museum	True	True	True
3880	RG	Frag: Ich möchte die Dessertkarte	the dessert menu	True	True	True
4571	RG	Frag: Ich möchte die Dessertkarte	the dessert menu	True	True	True
4578	RG	Frag: Ich möchte die Dessertkarte	can i have the dessert menu	True	True	True
4588	RG	Frag: Ich möchte die Dessertkarte	can i have the dessert menu	True	True	True
4589	RG	Frag: Ich möchte die Dessertkarte	can i have the dessert menu	True	True	True
4590	RG	Frag: Ich möchte die Dessertkarte	the dessert menu	True	True	True
4602	RG	Frag: Ich möchte die Dessertkarte	can i have the dessert menu	True	True	True
4613	RG	Frag: Ich möchte die Dessertkarte	can i have the dessert menu	True	True	True
4614	RG	Frag: Ich möchte die Dessertkarte	can i have the dessert menu	True	True	True
3697	RG	Sag: Ich heisse Sarah	my name is sarah	True	True	True
3698	RG	Sag: Ich heisse Sarah	my name is sarah	True	True	True
3952	RG	Sag: Ich heisse Sarah	my name is sarah	True	True	True
4700	RG	Sag: Ich heisse Sarah	my name is sarah	True	True	True
3914	RG	Frag: ein gelbes T-Shirt	i want a yellow tee shirt	True	True	True
3925	RG	Frag: ein gelbes T-Shirt	i want a yellow tee shirt	True	True	True
4445	RG	Frag: ein gelbes T-Shirt	i would like a yellow tee shirt	True	True	True
4110	RG	Sag: Ich heisse Janet	my name is janet	True	True	True
3946	RG	Frag: rote Hosen	i want red trousers	True	True	True
3675	RG	Frag: Zimmer für 6 Nächte	i want a room for six nights	True	True	True
3763	RG	Frag: Zimmer für 6 Nächte	i want a room for six nights	True	True	True
3987	RG	Frag: Zimmer für 6 Nächte	a room for six nights	True	True	True
4050	RG	Frag: Zimmer für 6 Nächte	a room for six nights	True	True	True
4377	RG	Frag: Zimmer für 6 Nächte	can i have a room for six nights	True	True	True
3681	RG	Frag: Zimmer für 4 Nächte	i want a room for four nights	True	True	True
4371	RG	Frag: Zimmer für 4 Nächte	i want a room for four nights	True	True	True
3709	RG	Sag: Ich habe 2 jüngere Brüder	i have two younger brothers	True	True	True
3604	RG	Frag: ein Steak	i want the steak	True	True	True
4584	RG	Frag: ein Steak	can i have a steak	True	True	True
4592	RG	Frag: ein Steak	can i have a steak	True	True	True
4594	RG	Frag: ein Steak	i would like the steak	True	True	True
4607	RG	Frag: ein Steak	can i have the steak	True	True	True
3685	RG	Frag: Wo ist das Hotelrestaurant?	where is the hotel restaurant	True	True	True
4138	RG	Frag: Wo ist das Hotelrestaurant?	where is the hotel restaurant	True	True	True
4375	RG	Frag: Wo ist das Hotelrestaurant?	where is the hotel restaurant	True	True	True
4381	RG	Frag: Wo ist das Hotelrestaurant?	where is the hotel restaurant	True	True	True
4430	RG	Frag: Wo ist das Hotelrestaurant?	where is the hotel restaurant	True	True	True
4431	RG	Frag: Wo ist das Hotelrestaurant?	where is the hotel restaurant	True	True	True
4179	RG	Sag: Das WC ist dreckig	the toilet is dirty	True	True	True
3620	RG	Sag: Ich möchte um 21 Uhr morgen abreisen	i want to leave at nine o'clock tomorrow	True	True	True
3680	RG	Frag: Wo ist das Schwimmbad?	where is the pool	True	True	True
4167	RG	Frag: Wo ist das Schwimmbad?	where is the swimming pool	True	True	True
4419	RG	Frag: ein Ticket für Mamma Mia	i want one ticket for mamma mia	True	True	True
3822	RG	Frag: 3 Tickets für Starlight Express	i need three tickets for starlight express	True	True	True
3826	RG	Frag: 4 Tickets	i need four tickets	True	True	True
3908	RG	Frag: 4 Tickets	i need four tickets	True	True	True
4557	RG	Frag: 4 Tickets	can i have four tickets	True	True	True
3834	RG	Frag: 1 Ticket	i need one ticket	True	True	True
3850	RG	Frag: 1 Ticket	i need one ticket	True	True	True
3997	RG	Frag: 1 Ticket	i need one ticket	True	True	True
3962	RG	Sag: Die Hauptstadt von Deutschland ist Berlin	the capital of germany is berlin	True	True	True
4473	RG	Sag: Ich möchte am Dienstagabend abreisen	i want to leave on tuesday evening	True	True	True
3651	RG	Sag: Dies ist mein Pass	this is my passport	True	True	True
3712	RG	Sag: Dies ist mein Pass	that is my passport	True	True	True
3713	RG	Sag: Dies ist mein Pass	that is my passport	True	True	True
3714	RG	Sag: Dies ist mein Pass	this is my passport	True	True	True
3816	RG	Sag: Dies ist mein Pass	this is my passport	True	True	True
3818	RG	Sag: Dies ist mein Pass	it is my passport	True	True	True
3958	RG	Sag: Dies ist mein Pass	this is my passport	True	True	True
3959	RG	Sag: Dies ist mein Pass	it is my passport	True	True	True
4208	RG	Sag: Dies ist mein Pass	this is my passport	True	True	True
4409	RG	Sag: Dies ist mein Pass	this is my passport	True	True	True
4410	RG	Sag: Dies ist mein Pass	this is my passport	True	True	True
4490	RG	Sag: Dies ist mein Pass	this is my passport	True	True	True
4496	RG	Sag: Dies ist mein Pass	this is my passport	True	True	True
4517	RG	Sag: Dies ist mein Pass	this is my passport	True	True	True
3847	RG	Frag: 2 Tickets für König der Löwen	i need two tickets for the lion king	True	True	True
4089	RG	Frag: Grösse 41	forty one	True	True	True
4090	RG	Frag: Grösse 41	forty one	True	True	True
4349	RG	Frag: Grösse 41	forty one	True	True	True
4405	RG	Sag: Die Hauptstadt von der Schweiz ist Bern	the capital of switzerland is bern	True	True	True
3825	RG	Frag: Tickets für das London Eye	i want tickets for the london eye	True	True	True
3907	RG	Frag: Tickets für das London Eye	can i have tickets for the london eye	True	True	True
4073	RG	Frag: Tickets für das London Eye	can i have tickets for the london eye	True	True	True
4322	RG	Frag: Tickets für das London Eye	tickets for the london eye	True	True	True
4323	RG	Frag: Tickets für das London Eye	tickets for the london eye	True	True	True
4324	RG	Frag: Tickets für das London Eye	can i have tickets for the london eye	True	True	True
3694	RG	Frag: Wo ist der Coiffeur?	where is the hairdresser	True	True	True
4029	RG	Frag: Wo ist der Coiffeur?	where is the hairdresser	True	True	True
4036	RG	Frag: Wo ist der Coiffeur?	where is the hairdresser	True	True	True
4113	RG	Frag: Wo ist der Coiffeur?	where is the hairdresser	True	True	True
4150	RG	Frag: Wo ist der Coiffeur?	where is the hairdresser	True	True	True
4224	RG	Frag: Wo ist der Coiffeur?	where is the hairdresser	True	True	True
4225	RG	Frag: Wo ist der Coiffeur?	where is the hairdresser	True	True	True
4674	RG	Frag: Wo ist der Coiffeur?	where is the hairdresser	True	True	True
4675	RG	Frag: Wo ist der Coiffeur?	where is the hairdresser	True	True	True
3676	RG	Frag: Doppelzimmer	i want a double room	True	True	True
3682	RG	Frag: Doppelzimmer	i want a double room	True	True	True
3783	RG	Frag: Doppelzimmer	a double room	True	True	True
3792	RG	Frag: Doppelzimmer	a double room	True	True	True
3794	RG	Frag: Doppelzimmer	a twin room	True	True	True
3988	RG	Frag: Doppelzimmer	a double room	True	True	True
3989	RG	Frag: Doppelzimmer	i would like a double room	True	True	True
4164	RG	Frag: Doppelzimmer	i would like a double room	True	True	True
4190	RG	Frag: Doppelzimmer	a double room	True	True	True
4192	RG	Frag: Doppelzimmer	i would like a double room	True	True	True
4383	RG	Frag: Doppelzimmer	can i have a double room	True	True	True
4425	RG	Frag: Doppelzimmer	can i have a double room	True	True	True
4679	RG	Frag: Doppelzimmer	can i have a double room	True	True	True
4680	RG	Frag: Doppelzimmer	can i have a double room	True	True	True
3643	RG	Sag: Ich heisse Nick	my name is nick	True	True	True
4474	RG	Sag: Ich heisse Nick	my name is nick	True	True	True
4654	RG	Frag: pinkige Jeans	i would like pink jeans	True	True	True
4638	RG	Frag: Wo ist das British Museum?	where is the british museum	True	True	True
4631	RG	Sag: Ich weiss es nicht	i do not know	True	True	True
3841	RG	Sag: Ich möchte vorne sitzen	i would like to sit in the front	True	True	True
3848	RG	Sag: Ich möchte vorne sitzen	i want to sit in the front	True	True	True
4321	RG	Sag: Ich möchte vorne sitzen	i would like to sit in the front	True	True	True
3820	RG	Frag: 3 Musical-Tickets	can i have three musical tickets	True	True	True
3827	RG	Frag: 3 Musical-Tickets	i need three musical tickets	True	True	True
4065	RG	Frag: 3 Musical-Tickets	can i buy three musical tickets	True	True	True
4541	RG	Frag: 3 Musical-Tickets	can i have three musical tickets	True	True	True
3663	RG	Sag: Ich möchte am Freitagabend gehen	i would like to go on friday night	True	True	True
4006	RG	Frag: Zimmer für 5 Nächte	i want a room for five nights	True	True	True
4030	RG	Frag: Zimmer für 5 Nächte	i want a room for five nights	True	True	True
4032	RG	Frag: Zimmer für 5 Nächte	a room for five nights	True	True	True
4382	RG	Frag: Zimmer für 5 Nächte	can i have a room for five nights	True	True	True
4670	RG	Frag: Zimmer für 5 Nächte	can i have a room for five nights	True	True	True
3945	RG	Frag: Hosen	i am looking for trousers	True	True	True
4279	RG	Frag: Hosen	i would like trousers	True	True	True
4280	RG	Frag: Hosen	i am looking for trousers	True	True	True
3947	RG	Frag: eine S	small	True	True	True
4446	RG	Frag: eine S	small	True	True	True
3913	RG	Frag: ein T-Shirt	i want a tee shirt	True	True	True
3924	RG	Frag: ein T-Shirt	i want a tee shirt	True	True	True
3935	RG	Frag: ein T-Shirt	i want a tee shirt	True	True	True
4270	RG	Frag: ein T-Shirt	i would like a tee shirt	True	True	True
4271	RG	Frag: ein T-Shirt	i would like a tee shirt	True	True	True
4272	RG	Frag: ein T-Shirt	i would like a tee shirt	True	True	True
4350	RG	Frag: ein T-Shirt	i want a tee shirt	True	True	True
4443	RG	Frag: ein T-Shirt	i would like a tee shirt	True	True	True
4444	RG	Frag: ein T-Shirt	i would like a tee shirt	True	True	True
3911	RG	Frag: weisse Stiefel	i want white boots	True	True	True
4087	RG	Frag: weisse Stiefel	i would like white boots	True	True	True
4088	RG	Frag: weisse Stiefel	i would like white boots	True	True	True
4268	RG	Frag: weisse Stiefel	i would like white boots	True	True	True
4441	RG	Frag: weisse Stiefel	i would like white boots	True	True	True
3836	RG	Frag: ein Ticket für heute Abend	a ticket for tonight	True	True	True
4454	RG	Frag: blaue Sandalen	blue sandals	True	True	True
3912	RG	Frag: Grösse 36	thirty six	True	True	True
3897	RG	Frag: Wo ist der Lebensmittelladen?	where is the grocery store	True	True	True
4025	RG	Frag: Wo ist der Lebensmittelladen?	where is the grocery store	True	True	True
4119	RG	Frag: Wo ist der Lebensmittelladen?	where is the grocery store	True	True	True
4120	RG	Frag: Wo ist der Lebensmittelladen?	where is the grocery store	True	True	True
4178	RG	Frag: Wo ist der Lebensmittelladen?	where is the grocery store	True	True	True
4386	RG	Frag: Wo ist der Lebensmittelladen?	where is the grocery store	True	True	True
3851	RG	Frag: Wo ist das Naturhistorische Museum?	where is the natural history museum	True	True	True
3855	RG	Frag: Wo ist das Naturhistorische Museum?	where is the natural history museum	True	True	True
3859	RG	Frag: Wo ist das Naturhistorische Museum?	where is the natural history museum	True	True	True
4287	RG	Frag: Wo ist das Naturhistorische Museum?	i am looking for the natural history museum	True	True	True
3618	RG	Frag: 2 Tickets nach London	two tickets to london	True	True	True
3619	RG	Frag: 2 Tickets nach London	two tickets to london	True	True	True
3969	RG	Frag: 2 Tickets nach London	i need two tickets to london	True	True	True
3977	RG	Frag: 2 Tickets nach London	i need two tickets to london	True	True	True
4603	RG	Frag: Custard Tart	i would like the custard tart	True	True	True
4037	RG	Sag: Mein Badezimmer ist dreckig	my bathroom is dirty	True	True	True
3873	RG	Frag: einen Hamburger	i want a hamburger	True	True	True
4328	RG	Frag: einen Hamburger	i would like a hamburger	True	True	True
4566	RG	Frag: einen Hamburger	i would like a hamburger	True	True	True
4568	RG	Frag: etwas Knoblauchbrot	i would like some garlic bread	True	True	True
3647	RG	Sag: Ich habe 1 Bruder	i have one brother	True	True	True
3649	RG	Sag: Ich habe 1 Bruder	i have one brother	True	True	True
3956	RG	Sag: Ich habe 1 Bruder	i have one brother	True	True	True
3705	RG	Sag: Ich bin aus Amerika	i am from america	True	True	True
4500	RG	Sag: Ich bin aus Amerika	i am from america	True	True	True
3702	RG	Sag: Ich heisse John	my name is john	True	True	True
4687	RG	Sag: Ich heisse John	my name is john	True	True	True
4456	RG	Frag: Grösse 43	i am a forty three	True	True	True
4503	RG	Sag: Ich heisse Jack	my name is jack	True	True	True
4505	RG	Sag: Ich heisse Jack	my name is jack	True	True	True
3983	RG	Sag: Ich bin aus Australien	i am from australia	True	True	True
4075	RG	Frag: 4 Tickets für morgen Abend	i would like four tickets for tomorrow evening	True	True	True
3664	RG	Frag: 4 Tickets für Wicked	i would like four tickets for wicked	True	True	True
3665	RG	Frag: 4 Tickets für Wicked	i want four tickets for wicked	True	True	True
4560	RG	Frag: 4 Tickets für Wicked	can i have four tickets for wicked	True	True	True
3746	RG	Sag: Ich bin aus Deutschland	i am from germany	True	True	True
3961	RG	Sag: Ich bin aus Deutschland	i am from germany	True	True	True
3976	RG	Sag: Ich bin aus Deutschland	i am from germany	True	True	True
4106	RG	Sag: Ich bin aus Deutschland	i am from germany	True	True	True
4397	RG	Sag: Ich bin aus Irland	i am from ireland	True	True	True
3731	RG	Frag: Wo ist der Lift?	where is the lift	True	True	True
4103	RG	Frag: Wo ist der Lift?	where is the lift	True	True	True
4104	RG	Frag: Wo ist der Lift?	where is the lift	True	True	True
4105	RG	Frag: Wo ist der Lift?	where is the lift	True	True	True
3934	RG	Frag: Grösse 39	thirty nine	True	True	True
4652	RG	Frag: Grösse 39	thirty nine	True	True	True
3849	RG	Frag: Tickets für das Science Museum	i want tickets for the science museum	True	True	True
3996	RG	Frag: Tickets für das Science Museum	i need tickets for the science museum	True	True	True
3991	RG	Frag: Gibt es einen Lift?	is there a lift	True	True	True
4020	RG	Frag: Gibt es einen Lift?	is there a lift	True	True	True
4102	RG	Frag: Gibt es einen Lift?	is there a lift	True	True	True
4682	RG	Frag: Gibt es einen Lift?	is there a lift	True	True	True
4684	RG	Frag: Gibt es einen Lift?	is there a lift	True	True	True
3695	RG	Frag: 3 Tickets nach London	i would like three tickets to london	True	True	True
4479	RG	Frag: 3 Tickets nach London	can i have three tickets to london	True	True	True
4696	RG	Frag: 3 Tickets nach London	can i have three tickets to london	True	True	True
3719	RG	Frag: 2 Musical-Tickets	i want two musical tickets	True	True	True
3845	RG	Frag: 2 Musical-Tickets	i need two musical tickets	True	True	True
3992	RG	Frag: 2 Musical-Tickets	i need two musical tickets	True	True	True
3998	RG	Frag: 2 Musical-Tickets	i need two musical tickets	True	True	True
4663	RG	Frag: ein Hemd	can i have a shirt	True	True	True
4484	RG	Sag: Ich heisse James	my name is james	True	True	True
4157	RG	Frag: 4 Tickets nach London	four tickets to london	True	True	True
4159	RG	Frag: 4 Tickets nach London	four tickets to london	True	True	True
4689	RG	Frag: 4 Tickets nach London	can i have four tickets to london	True	True	True
4206	RG	Sag: Ich habe 2 ältere Schwestern	i have two older sisters	True	True	True
3930	RG	Sag: Das T-Shirt ist zu teuer	the tee shirt is too expensive	True	True	True
3963	RG	Sag: Ich habe 4 ältere Brüder	i have four older brothers	True	True	True
3745	RG	Sag: Ich heisse Mona	my name is mona	True	True	True
4499	RG	Sag: Ich heisse Mona	my name is mona	True	True	True
3938	RG	Frag: Wie viel kostet das T-Shirt?	how much is the tee shirt	True	True	True
4355	RG	Frag: Wie viel kostet das T-Shirt?	how much does the tee shirt cost	True	True	True
4572	RG	Frag: ein Wasser ohne Kohlensäure	can i have a still water	True	True	True
3896	RG	Frag: Gibt es einen Lebensmittelladen?	is there a grocery store	True	True	True
4024	RG	Frag: Gibt es einen Lebensmittelladen?	is there a grocery store	True	True	True
4116	RG	Frag: Gibt es einen Lebensmittelladen?	is there a grocery store	True	True	True
4117	RG	Frag: Gibt es einen Lebensmittelladen?	is there a grocery store	True	True	True
4177	RG	Frag: Gibt es einen Lebensmittelladen?	is there a grocery store	True	True	True
4385	RG	Frag: Gibt es einen Lebensmittelladen?	is there a grocery store store	True	True	True
4585	RG	Frag: mein Steak medium	i would like my steak medium	True	True	True
4595	RG	Frag: mein Steak durchgebraten	i would like my steak well done	True	True	True
4596	RG	Frag: mein Steak durchgebraten	i would like my steak well done	True	True	True
4097	RG	Frag: Wie viel kostet die Jeans?	how much do the jeans cost	True	True	True
3918	RG	Frag: Wie viel kostet es?	how much is it	True	True	True
3929	RG	Frag: Wie viel kostet es?	how much is it	True	True	True
3979	RG	Frag: Wie viel kostet es?	how much is it	True	True	True
4668	RG	Frag: Wie viel kostet es?	how much does it cost	True	True	True
3670	RG	Frag: 2 Tickets	i want two tickets	True	True	True
3844	RG	Frag: 2 Tickets	i need two tickets	True	True	True
4325	RG	Frag: 2 Tickets	two tickets	True	True	True
4326	RG	Frag: 2 Tickets	can i have two tickets	True	True	True
4423	RG	Frag: 2 Tickets	can i have two tickets	True	True	True
4547	RG	Frag: 2 Tickets	can i have two tickets	True	True	True
3993	RG	Frag: 2 Tickets für Sonntagabend	i need two tickets for sunday night	True	True	True
3803	RG	Sag: Mir geht es gut	i am fine	True	True	True
3909	RG	Sag: Mir geht es gut	i am fine	True	True	True
3920	RG	Sag: Mir geht es gut	i am fine	True	True	True
3931	RG	Sag: Mir geht es gut	i am fine	True	True	True
3940	RG	Sag: Mir geht es gut	i am fine	True	True	True
4344	RG	Sag: Mir geht es gut	i am good	True	True	True
4438	RG	Sag: Mir geht es gut	i am good	True	True	True
4659	RG	Sag: Mir geht es gut	i am fine	True	True	True
4107	RG	Sag: Ich bin aus Spanien	i am from spain	True	True	True
4401	RG	Sag: Ich bin aus Spanien	i am from spain	True	True	True
3853	RG	Frag: Welcher Bus fährt dorthin?	which bus goes there	True	True	True
3857	RG	Frag: Welcher Bus fährt dorthin?	which bus goes there	True	True	True
3865	RG	Frag: Welcher Bus fährt dorthin?	which bus goes there	True	True	True
3869	RG	Frag: Welcher Bus fährt dorthin?	which bus goes there	True	True	True
4232	RG	Frag: Welcher Bus fährt dorthin?	which bus goes there	True	True	True
4290	RG	Frag: Welcher Bus fährt dorthin?	which bus goes there	True	True	True
3942	RG	Frag: weisse Sandalen	i want white sandals	True	True	True
3943	RG	Frag: Grösse 44	forty four	True	True	True
3736	RG	Frag: Zimmer für 3 Nächte	i want a room for three nights	True	True	True
3808	RG	Frag: Zimmer für 3 Nächte	a room for three nights	True	True	True
4021	RG	Frag: Zimmer für 3 Nächte	a room for three nights	True	True	True
4041	RG	Frag: Zimmer für 3 Nächte	a room for three nights	True	True	True
4139	RG	Frag: Zimmer für 3 Nächte	a room for three nights	True	True	True
4140	RG	Frag: Zimmer für 3 Nächte	a room for three nights	True	True	True
4141	RG	Frag: Zimmer für 3 Nächte	a room for three nights	True	True	True
4219	RG	Frag: Zimmer für 3 Nächte	can i have a room for for three nights	True	True	True
4436	RG	Sag: Es ist nahe der Bank of England	it is near the bank of england near the bank of england	True	True	True
4698	RG	Sag: Ich heisse Paolo	my name is paolo	True	True	True
3814	RG	Sag: Ich habe 2 jüngere Schwestern	i have two younger sisters	True	True	True
3972	RG	Sag: Ich bin aus England	i am from england	True	True	True
4307	RG	Sag: Ich bin aus England	i am from england	True	True	True
4502	RG	Sag: Ich bin aus England	i am from england	True	True	True
3598	RG	Sag: Ich möchte mit Mastercard bezahlen	can i pay by mastercard	True	True	True
3657	RG	Sag: Ich möchte mit Mastercard bezahlen	i would like to pay with mastercard	True	True	True
3692	RG	Sag: Ich möchte mit Mastercard bezahlen	can i pay by mastercard	True	True	True
4043	RG	Sag: Ich möchte mit Mastercard bezahlen	i would like to pay with mastercard	True	True	True
4114	RG	Sag: Ich möchte mit Mastercard bezahlen	i want to pay with mastercard	True	True	True
4297	RG	Sag: Ich möchte mit Mastercard bezahlen	can i pay with mastercard	True	True	True
4366	RG	Sag: Ich möchte mit Mastercard bezahlen	can i pay with mastercard	True	True	True
4403	RG	Sag: Ich bin aus der Schweiz	i am from switzerland switzerland	True	True	True
3906	RG	Sag: Ich möchte in der Mitte sitzen	i want to sit in the middle	True	True	True
4207	RG	Sag: Ich gehe in die Ferien	i am on holidays	True	True	True
3632	RG	Sag: Ich möchte in der zweiten Reihe sitzen	i would like to sit in the second row	True	True	True
3832	RG	Sag: Ich möchte in der zweiten Reihe sitzen	i want to sit in the second row	True	True	True
4201	RG	Sag: Ich bin aus Kanada	i am from canada	True	True	True
3706	RG	Sag: Ich heisse Silvia	my name is silvia	True	True	True
3971	RG	Sag: Ich heisse Silvia	my name is silvia	True	True	True
4306	RG	Sag: Ich heisse Silvia	my name is silvia	True	True	True
4491	RG	Sag: Ich heisse Silvia	my name is silvia	True	True	True
3802	RG	Sag: Ich möchte mit Pfund bezahlen	i would like to pay with pounds	True	True	True
3742	RG	Frag: Wo ist das Fitnessstudio?	where is the gym	True	True	True
4214	RG	Frag: Wo ist das Fitnessstudio?	where is the fitness studio	True	True	True
4369	RG	Frag: Wo ist das Fitnessstudio?	where is the gym	True	True	True
4459	RG	Frag: ein pinkiges Hemd	i would like a pink shirt	True	True	True
3606	RG	Frag: mein Steak rare	i would like my steak rare	True	True	True
4608	RG	Frag: mein Steak rare	i would like my steak rare	True	True	True
3735	RG	Sag: Ich möchte mit Dollars bezahlen	can i pay with dollars	True	True	True
3696	RG	Sag: Ich möchte am Mittwochabend abreisen	i want to leave on wednesday evening	True	True	True
4402	RG	Sag: Ich heisse Patrick	my name is patrick	True	True	True
3599	credit card cluster	Sag: Ich möchte mit Dollars bezahlen	can i buy by dollars	False	True	False
4147	credit card cluster	Sag: Ich möchte mit Dollars bezahlen	i would to pay by dollars	False	True	False
4010	credit card cluster	Sag: Ich möchte mit Euros bezahlen	i would pay with by euros	False	True	False
4534	credit card cluster	Sag: Ich möchte mit Euros bezahlen	can i am a small	False	False	False
3728	credit card cluster	Sag: Ich möchte mit Kreditkarte bezahlen	a tea	False	False	False
3729	credit card cluster	Sag: Ich möchte mit Kreditkarte bezahlen	lift do not note	False	False	False
4034	credit card cluster	Sag: Ich möchte mit Kreditkarte bezahlen	i want to pay with a credit card	True	True	True
4127	credit card cluster	Sag: Ich möchte mit Kreditkarte bezahlen	i want to pay with the credit card	True	True	True
4128	credit card cluster	Sag: Ich möchte mit Kreditkarte bezahlen	would i pay with by credit card	False	True	False
4134	credit card cluster	Sag: Ich möchte mit Kreditkarte bezahlen	i would to pay by credit card	False	True	False
4136	credit card cluster	Sag: Ich möchte mit Kreditkarte bezahlen	i would pay by credit card	False	True	False
4211	credit card cluster	Sag: Ich möchte mit Kreditkarte bezahlen	i went where is the credit card	False	True	False
4212	credit card cluster	Sag: Ich möchte mit Kreditkarte bezahlen	i would pay by credit card	False	True	False
4340	credit card cluster	Sag: Ich möchte mit Kreditkarte bezahlen	i would like pay with the credit card	False	True	False
4373	credit card cluster	Sag: Ich möchte mit Kreditkarte bezahlen	i want pay with credit card	False	True	False
4384	credit card cluster	Sag: Ich möchte mit Kreditkarte bezahlen	i want pay with credit card	False	True	False
4520	credit card cluster	Sag: Ich möchte mit Kreditkarte bezahlen	i like to buy with credit card	False	True	False
4582	credit card cluster	Sag: Ich möchte mit Kreditkarte bezahlen	i like to pay by credit card	False	True	False
4605	credit card cluster	Sag: Ich möchte mit Kreditkarte bezahlen	i like to pay with credit card	False	True	False
4620	credit card cluster	Sag: Ich möchte mit Kreditkarte bezahlen	i like to pay with credit card	False	True	False
4672	credit card cluster	Sag: Ich möchte mit Kreditkarte bezahlen	i am with credit card	False	True	False
3597	credit card cluster	Sag: Ich möchte mit Mastercard bezahlen	can i pay with by mastercard	False	True	False
3891	credit card cluster	Sag: Ich möchte mit Mastercard bezahlen	can i pay with post card	True	False	False
3892	credit card cluster	Sag: Ich möchte mit Mastercard bezahlen	um	False	False	False
4058	credit card cluster	Sag: Ich möchte mit Mastercard bezahlen	can i pay by post want	False	False	False
4296	credit card cluster	Sag: Ich möchte mit Mastercard bezahlen	can i pay with the master card	True	True	True
4311	credit card cluster	Sag: Ich möchte mit Mastercard bezahlen	i want pay with the master card	False	True	False
4312	credit card cluster	Sag: Ich möchte mit Mastercard bezahlen	can i pay be mastercard	False	False	False
4681	credit card cluster	Sag: Ich möchte mit Mastercard bezahlen	can i buy with mastercard	False	True	False
3639	credit card cluster	Sag: Ich möchte mit Postkarte bezahlen	i want to pay with my post card	False	True	False
3640	credit card cluster	Sag: Ich möchte mit Postkarte bezahlen	i would like to pay with by post card	False	True	False
3641	credit card cluster	Sag: Ich möchte mit Postkarte bezahlen	i would like to pay by euros	True	False	False
3716	credit card cluster	Sag: Ich möchte mit Postkarte bezahlen	i want pay	False	False	False
3738	credit card cluster	Sag: Ich möchte mit Postkarte bezahlen	i want to pay with credit card	True	False	False
3801	credit card cluster	Sag: Ich möchte mit Postkarte bezahlen	i would like the check with post card	False	True	False
4165	credit card cluster	Sag: Ich möchte mit Postkarte bezahlen	i would pay with post card	False	True	False
4222	credit card cluster	Sag: Ich möchte mit Postkarte bezahlen	i would like where it post card	False	False	False
4527	credit card cluster	Sag: Ich möchte mit Postkarte bezahlen	can i buy by post card	False	True	False
3592	credit card cluster	Sag: Ich möchte mit Visa bezahlen	i would like to pay visa	False	True	False
4146	credit card cluster	Sag: Ich möchte mit Visa bezahlen	i wish to pay by visa	True	True	True
4254	credit card cluster	Sag: Ich möchte mit Visa bezahlen	i want pay with credit card	False	False	False
4412	credit card cluster	Sag: Ich möchte mit Visa bezahlen	pay with visa	False	True	False
4426	credit card cluster	Sag: Ich möchte mit Visa bezahlen	i want pay with visa	False	True	False
4427	credit card cluster	Sag: Ich möchte mit Visa bezahlen	i want pay museum	False	False	False
4428	credit card cluster	Sag: Ich möchte mit Visa bezahlen	i want pay with visa	False	True	False
3593	credit card cluster	Sag: Ich möchte mit Pfund bezahlen	can i pay by done	False	False	False
3594	credit card cluster	Sag: Ich möchte mit Pfund bezahlen	can i pay by card	True	False	False
3595	credit card cluster	Sag: Ich möchte mit Pfund bezahlen	i pay a pay by cards	False	False	False
4063	credit card cluster	Sag: Ich möchte mit Pfund bezahlen	can i pay with card	True	False	False
4064	credit card cluster	Sag: Ich möchte mit Pfund bezahlen	can i pay with doh	False	False	False
4521	credit card cluster	Sag: Ich möchte mit Pfund bezahlen	i like buy with pound	False	False	False
3796	credit card cluster	Sag: Ich möchte mit Schweizer Franken bezahlen	i would like to pay with master with master card	True	False	False
3797	credit card cluster	Sag: Ich möchte mit Schweizer Franken bezahlen	i would like to pay by swiss francs	True	True	True
4528	credit card cluster	Sag: Ich möchte mit Schweizer Franken bezahlen	can i buy by swiss francs	False	True	False
4529	credit card cluster	Sag: Ich möchte mit Schweizer Franken bezahlen	i like buy with swiss francs	False	True	False
4338	Restarant Cluster	Frag: Ich möchte die Rechnung	i would like the pay	False	False	False
3610	Restarant Cluster	Frag: Ich möchte die Dessertkarte	i need to go sunday night	False	False	False
3878	Restarant Cluster	Frag: Ich möchte die Dessertkarte	can i have the dessert card	False	False	False
3879	Restarant Cluster	Frag: Ich möchte die Dessertkarte	can i have the dessert card	False	False	False
4085	Restarant Cluster	Frag: Ich möchte die Dessertkarte	i would like the dessert card	False	False	False
4334	Restarant Cluster	Frag: Ich möchte die Dessertkarte	i would like the dessert card	False	False	False
4335	Restarant Cluster	Frag: Ich möchte die Dessertkarte	i would like the desert done	False	False	False
4336	Restarant Cluster	Frag: Ich möchte die Dessertkarte	this is my name	False	False	False
4569	Restarant Cluster	Frag: Ich möchte die Dessertkarte	can i have the dessert card	False	False	False
4570	Restarant Cluster	Frag: Ich möchte die Dessertkarte	i would like the dessert card	False	False	False
4579	Restarant Cluster	Frag: Ich möchte die Dessertkarte	can i have the dessert menu pool	False	False	False
4601	Restarant Cluster	Frag: Ich möchte die Dessertkarte	can i have the dessert menu leave can i have the dessert menu	False	False	False
4615	Restarant Cluster	Frag: Ich möchte die Dessertkarte	can i have a single room	False	False	False
4493	magic	Sag: Die Hauptstadt von Spanien ist Madrid	the capital of france is madrid	True	True	True
3974	magic	Sag: Ich möchte am Freitagabend abreisen	i want to leave on friday night	True	True	True
4697	magic	Sag: Ich möchte am Sonntag abreisen	i like to leave at sunday	True	True	True
4132	magic	Frag: Zimmer für 7 Nächte	room for seven nights	True	True	True
4478	magic	Sag: Ich heisse Patrick	my name is thomas	True	True	True
3828	magic	Frag: ein Ticket für Donnerstagabend	i need a ticket for thursday night	True	True	True
4546	magic	Frag: Tickets für das Naturhistorische Museum	can i have tickets for the natural museum	True	True	True
4237	magic	Sag: Ich habe keine Reservation	i have a reservation	True	True	True
4392	magic	Sag: Ich habe keine Reservation	can i have no reservation	True	True	True
3596	magic	Frag: ein Ticket nach Notting Hill	i would like a ticket to nothing	True	True	True
4294	magic	Frag: ein Ticket nach Notting Hill	i would like a ticket to the ticket	True	True	True
4532	magic	Frag: ein Ticket nach Notting Hill	can i have a ticket to nothing hill	True	True	True
3837	magic	Frag: ein Ticket für heute Abend	i want tickets for tuesday evening	True	True	True
3864	magic	Frag: Wo ist Big Ben?	where is the big ben	True	True	True
4289	magic	Frag: Wo ist Big Ben?	where is the big ben	True	True	True
3740	magic	Frag: Gibt es ein Fitnessstudio?	have you got a fitness studio	True	True	True
4002	magic	Frag: Ticket für dieses Musical	i need a ticket for this musical	True	True	True
3627	magic	Frag: 2 Tickets für König der Löwen	two tickets for billy elliot	True	False	False
3819	magic	Frag: 3 Musical-Tickets	musical tickets	True	True	True
4677	magic	Frag: Zimmer für 1 Woche	can i have a room for one room	True	True	True
3579	magic	Frag: 3 Tickets für König der Löwen	i have three tickets for mamma mia	True	False	False
3662	magic	Sag: Ich möchte am Freitagabend gehen	i would like to go on friday	True	True	True
4519	magic	Frag: ein Ticket zum Green Park	can i have a ticket to the green park	True	True	True
4360	magic	Frag: weisse Stiefel	i would like white boots know	True	True	True
4348	magic	Frag: blaue Sandalen	i would like some sandals	True	True	True
4092	magic	Frag: Jeans	i would like to have some jeans	True	True	True
4538	magic	Sag: Kann ich mit Kreditkarte bezahlen	can i pay with credit card	True	True	True
4540	magic	Sag: Kann ich mit Kreditkarte bezahlen	i like to have a room with credit card	True	True	True
3642	magic	Frag: Gibt es eine Hotelbar?	is there the hotel bar	True	True	True
4549	magic	Frag: ein Ticket für Freitagabend	i like to go at friday night	True	True	True
4512	magic	Sag: Die Hauptstadt von Österreich ist Wien	the capital of austria is wien	True	True	True
3648	magic	Sag: Ich habe 1 Bruder	i have a brother	True	True	True
4552	magic	Frag: ein Ticket für Billy Elliot	can i have a ticket for billy elliot	True	True	True
4526	magic	Frag: ein Ticket zum Trafalgar Square	can i have a ticket to the trafalgar square	True	True	True
3846	magic	Frag: ein Ticket für Samstagabend	i need a ticket for saturday night	True	True	True
4625	magic	Frag: Welcher Bus fährt dorthin?	which bus can i pay	True	True	True
4641	magic	Frag: Welcher Bus fährt dorthin?	which bus can i pay	True	True	True
4417	magic	Sag: Ich möchte am Dienstagabend gehen	i like to go on tuesday	True	True	True
4690	magic	Sag: Ich möchte am Mittwochabend abreisen	i like to leave on wednesday night	True	True	True
4692	magic	Sag: Ich möchte am Mittwochabend abreisen	i like to leave at wednesday night	True	True	True
3623	magic	Frag: 2 Musical-Tickets	two tickets	True	True	True
3583	magic	Frag: Tickets für die National Gallery	i would like tickets for the master card	True	True	True
3852	magic	Frag: Wo ist die Oxford Street?	where is the oxford street	True	True	True
3787	magic	Frag: Gibt es ein Hotelrestaurant?	is there a hotel bar	True	True	True
4158	magic	Frag: 4 Tickets nach London	four tickets for london	True	True	True
4628	magic	Frag: Wo ist das London Eye?	where is the london eye room	True	True	True
4031	magic	Frag: Wo ist der Coiffeur?	where is the hairdresser night	True	True	True
4433	magic	Frag: Wo ist Piccadilly Circus?	where is the piccadilly circus	True	True	True
4623	magic	Frag: Wo ist Piccadilly Circus?	there is the piccadilly circus	True	True	True
3626	magic	Frag: ein Ticket für Montagabend	tickets for monday afternoon	True	True	True
4396	magic	Sag: Ich heisse Thomas	my name is james	True	True	True
4175	magic	Frag: Gibt es einen Lebensmittelladen?	i need a supermarket coffee	True	True	True
3691	magic	Frag: Junior Suite	i am a junior suite	True	True	True
3764	magic	Frag: Twinzimmer	a twin zimmer	True	True	True
3710	magic	Sag: Ich gehe in die Ferien	i am going to holidays	True	True	True
3901	magic	Frag: ein Ticket für morgen Abend	a ticket for morning night	True	True	True
3838	magic	Frag: ein Ticket für Mamma Mia	i want a ticket for mamma mia	True	True	True
3903	magic	Frag: ein Ticket für Starlight Express	i would like a ticket for starlight express	True	True	True
3654	magic	Frag: ein Ticket zum Piccadilly Circus	a ticket from piccadilly circus	True	True	True
4155	magic	Frag: Wo kann ich ein Shampoo kaufen?	where i can buy a shampoo	True	True	True
4121	no method	Sag: Ich möchte um 12 Uhr morgen abreisen	i want to leave to have the tower o'clock tomorrow	FALSE	FALSE	FALSE
4122	no method	Sag: Ich möchte um 12 Uhr morgen abreisen	i would like to leave at five o'clock tomorrow	FALSE	FALSE	FALSE
4202	no method	Sag: Ich heisse Andy	i like my name is andy	FALSE	FALSE	FALSE
4304	no method	Sag: Ich heisse Sarah	my name is there a pool	FALSE	FALSE	FALSE
4686	no method	Sag: Ich möchte um 22 Uhr morgen abreisen	i want to leave tomorrow at ten o'clock p m	FALSE	FALSE	FALSE
4070	no method	Sag: Ich möchte hinten sitzen	could i buy four nights	FALSE	FALSE	FALSE
4071	no method	Sag: Ich möchte hinten sitzen	i want to pie	FALSE	FALSE	FALSE
4072	no method	Sag: Ich möchte hinten sitzen	single room	FALSE	FALSE	FALSE
3674	no method	Frag: Zimmer für 6 Nächte	can i have six room for six nights	FALSE	FALSE	FALSE
3761	no method	Frag: Zimmer für 6 Nächte	a double room for six nights	FALSE	FALSE	FALSE
3762	no method	Frag: Zimmer für 6 Nächte	a double room for six nights	FALSE	FALSE	FALSE
4662	no method	Frag: Grösse 37	thirty seven	FALSE	FALSE	FALSE
4598	no method	Sag: Dies ist nicht was ich bestellt habe	that is not what i ordered	FALSE	FALSE	FALSE
4599	no method	Sag: Dies ist nicht was ich bestellt habe	that is not what i ordered	FALSE	FALSE	FALSE
3858	no method	Sag: Big Ben ist neben den Houses of Parliament	the big ben is too tight the houses of parliament	FALSE	FALSE	FALSE
4204	no method	Sag: Die Hauptstadt von Deutschland ist Berlin	the capital my country is there a leave	FALSE	FALSE	FALSE
4205	no method	Sag: Die Hauptstadt von Deutschland ist Berlin	the capital of germany is there a gym	FALSE	FALSE	FALSE
4542	no method	Frag: ein Ticket für Donnerstagabend	i like to go at tuesday evening	FALSE	FALSE	FALSE
3749	no method	Frag: ein Steak	a single room a gym	FALSE	FALSE	FALSE
3750	no method	Frag: ein Steak	junior suite	FALSE	FALSE	FALSE
3751	no method	Frag: ein Steak		FALSE	FALSE	FALSE
4593	no method	Frag: ein Steak	can i have the pool	FALSE	FALSE	FALSE
3788	no method	Frag: Wo ist das Hotelrestaurant?	i will have a fanta	FALSE	FALSE	FALSE
3789	no method	Frag: Wo ist das Hotelrestaurant?	my name is there a hotel bar	FALSE	FALSE	FALSE
3790	no method	Frag: Wo ist das Hotelrestaurant?	room my name is the hotel have a large	FALSE	FALSE	FALSE
4195	no method	Frag: Wo ist das Hotelrestaurant?	get where is the hotel restaurant	FALSE	FALSE	FALSE
4216	no method	Sag: Das WC ist dreckig	i need thirty it is my pass	FALSE	FALSE	FALSE
4217	no method	Sag: Das WC ist dreckig	thirty dessert spain	FALSE	FALSE	FALSE
3875	no method	Frag: Erbsen	i want	FALSE	FALSE	FALSE
3876	no method	Frag: Erbsen	i want jeans	FALSE	FALSE	FALSE
3877	no method	Frag: Erbsen	i would like some	FALSE	FALSE	FALSE
4461	no method	Sag: Dies ist zu eng	this is too shirt	FALSE	FALSE	FALSE
4462	no method	Sag: Dies ist zu eng	this is too shirt	FALSE	FALSE	FALSE
3915	no method	Frag: eine L	big	FALSE	FALSE	FALSE
3916	no method	Frag: eine L	great	FALSE	FALSE	FALSE
3926	no method	Frag: eine L	great	FALSE	FALSE	FALSE
3927	no method	Frag: eine L	where is the pool	FALSE	FALSE	FALSE
4094	no method	Frag: eine L	big	FALSE	FALSE	FALSE
4095	no method	Frag: eine L	big	FALSE	FALSE	FALSE
4460	no method	Frag: eine L	big	FALSE	FALSE	FALSE
3671	no method	Sag: Ich habe keine Reservation	i am a lift have a reservation	FALSE	FALSE	FALSE
3769	no method	Sag: Ich habe keine Reservation	i have smaller a reservation evening	FALSE	FALSE	FALSE
3774	no method	Sag: Ich habe keine Reservation	i have not a reservation	FALSE	FALSE	FALSE
3779	no method	Sag: Ich habe keine Reservation	my name is not i have not have a eye	FALSE	FALSE	FALSE
3888	no method	Sag: Ich habe keine Reservation	i would like l	FALSE	FALSE	FALSE
3986	no method	Sag: Ich habe keine Reservation	i do not no i do not have a reservation	FALSE	FALSE	FALSE
4015	no method	Sag: Ich habe keine Reservation	i do not no i do not have a reservation	FALSE	FALSE	FALSE
4185	no method	Sag: Ich habe keine Reservation	i do not know	FALSE	FALSE	FALSE
4186	no method	Sag: Ich habe keine Reservation	i am good	FALSE	FALSE	FALSE
4238	no method	Sag: Ich habe keine Reservation	i want to have a reservation	FALSE	FALSE	FALSE
4239	no method	Sag: Ich habe keine Reservation	i want red where is dirty	FALSE	FALSE	FALSE
4240	no method	Sag: Ich habe keine Reservation	i am a thirty is dirty	FALSE	FALSE	FALSE
4241	no method	Sag: Ich habe keine Reservation	have i have not a reservation	FALSE	FALSE	FALSE
4243	no method	Sag: Ich habe keine Reservation	are no do you have a double hairdresser	FALSE	FALSE	FALSE
4245	no method	Sag: Ich habe keine Reservation	uh got boots	FALSE	FALSE	FALSE
4246	no method	Sag: Ich habe keine Reservation	blue sandals	FALSE	FALSE	FALSE
4247	no method	Sag: Ich habe keine Reservation	are credit i do not have a reservation i want my steak rare is it	FALSE	FALSE	FALSE
4248	no method	Sag: Ich habe keine Reservation	i am from where is the hairdresser is it a restaurant	FALSE	FALSE	FALSE
4249	no method	Sag: Ich habe keine Reservation	how much are there a hairdresser where is the third row	FALSE	FALSE	FALSE
4387	no method	Sag: Ich habe keine Reservation	i have not a reservation	FALSE	FALSE	FALSE
4388	no method	Sag: Ich habe keine Reservation	you can't use help at the silver level	FALSE	FALSE	FALSE
4389	no method	Sag: Ich habe keine Reservation	i do not reservation	FALSE	FALSE	FALSE
4390	no method	Sag: Ich habe keine Reservation	i do not a reservation	FALSE	FALSE	FALSE
4394	no method	Sag: Ich habe keine Reservation	can't i want a still water with dollars	FALSE	FALSE	FALSE
4395	no method	Sag: Ich habe keine Reservation	you can't use help at the silver level	FALSE	FALSE	FALSE
4465	no method	Sag: Ich habe keine Reservation	i have not a reservation	FALSE	FALSE	FALSE
4466	no method	Sag: Ich habe keine Reservation	my passport row fifth row	FALSE	FALSE	FALSE
3608	no method	Frag: Pilze	i would like	FALSE	FALSE	FALSE
4576	no method	Frag: Pilze	can i have some mushroom	FALSE	FALSE	FALSE
4292	no method	Frag: ein Ticket nach Notting Hill	um like a goulash pay with euro	FALSE	FALSE	FALSE
4293	no method	Frag: ein Ticket nach Notting Hill	i will take two musical tickets	FALSE	FALSE	FALSE
4411	no method	Frag: ein Ticket nach Notting Hill	do you have a ticket to leave want the bill	FALSE	FALSE	FALSE
4575	no method	Frag: meinen Sonntagsbraten medium	i like my sunday roast medium	FALSE	FALSE	FALSE
3833	no method	Frag: Tickets für Madame Tussauds	i want tickets for madame to go	FALSE	FALSE	FALSE
4260	no method	Frag: 4 Musical-Tickets	i would like a bar for with euro	FALSE	FALSE	FALSE
4261	no method	Frag: 4 Musical-Tickets	are credit four musical tickets	FALSE	FALSE	FALSE
4314	no method	Frag: 4 Musical-Tickets	i want pay with four musical tickets	FALSE	FALSE	FALSE
4432	no method	Frag: Wo ist die National Gallery?	where is the national go	FALSE	FALSE	FALSE
3652	no method	Sag: Dies ist mein Pass	this is my pass	FALSE	FALSE	FALSE
3817	no method	Sag: Dies ist mein Pass	is it is my passport	FALSE	FALSE	FALSE
3966	no method	Sag: Dies ist mein Pass	is it is my passport	FALSE	FALSE	FALSE
4518	no method	Sag: Dies ist mein Pass	this is my pass card	FALSE	FALSE	FALSE
3948	no method	Frag: Wie viel kostet die Hose?	how much are the fifth row	FALSE	FALSE	FALSE
3949	no method	Frag: Wie viel kostet die Hose?	how much does the trousers is paolo	FALSE	FALSE	FALSE
3871	no method	Frag: einen Orangensaft	i want the an orange juice	FALSE	FALSE	FALSE
3708	no method	Sag: Die Hauptstadt von Portugal ist Lissabon	capital of portugal is lisbon	FALSE	FALSE	FALSE
4337	no method	Frag: Custard Tart	i would like the food store card	FALSE	FALSE	FALSE
4580	no method	Frag: Custard Tart	i would like the card of dessert card	FALSE	FALSE	FALSE
4404	no method	Sag: Die Hauptstadt von der Schweiz ist Bern	the capital city of swiss is rome	FALSE	FALSE	FALSE
3823	no method	Sag: Ich möchte in der vierten Reihe sitzen	i would like in the fourth is nick	FALSE	FALSE	FALSE
4288	no method	Frag: Wo ist Big Ben?	where are the big ben	FALSE	FALSE	FALSE
4640	no method	Frag: Wo ist Big Ben?	where is the big ben	FALSE	FALSE	FALSE
4083	no method	Frag: etwas Kartoffelstock	i would like to have a to have some of this night take shirts	FALSE	FALSE	FALSE
3784	no method	Frag: Doppelzimmer	a double room the	FALSE	FALSE	FALSE
4191	no method	Frag: Doppelzimmer	a room for two person	FALSE	FALSE	FALSE
4678	no method	Frag: Doppelzimmer	can i have a hotel to have a pool	FALSE	FALSE	FALSE
3574	no method	Frag: Gibt es ein Fitnessstudio?	have a fitness studio	FALSE	FALSE	FALSE
4213	no method	Frag: Gibt es ein Fitnessstudio?	this is near a big the sunday roast	FALSE	FALSE	FALSE
4001	no method	Frag: Ticket für dieses Musical	i need tickets tickets for this musical	FALSE	FALSE	FALSE
4639	no method	Frag: Wo ist das British Museum?	where is the swimming british museum	FALSE	FALSE	FALSE
3628	no method	Frag: 2 Tickets für König der Löwen	two tickets for the king	FALSE	FALSE	FALSE
3629	no method	Frag: 2 Tickets für König der Löwen	two tickets for the king of like l	FALSE	FALSE	FALSE
3580	no method	Sag: Ich möchte vorne sitzen	i would like jeans	FALSE	FALSE	FALSE
3581	no method	Sag: Ich möchte vorne sitzen	where is the gym	FALSE	FALSE	FALSE
3582	no method	Sag: Ich möchte vorne sitzen	i will buy with the visa card	FALSE	FALSE	FALSE
3840	no method	Sag: Ich möchte vorne sitzen	i want sit i am from	FALSE	FALSE	FALSE
4553	no method	Sag: Ich möchte vorne sitzen	i like the desert blue	FALSE	FALSE	FALSE
4554	no method	Sag: Ich möchte vorne sitzen	i like to sit in the first row	FALSE	FALSE	FALSE
3575	no method	Frag: 3 Musical-Tickets	i would like an for three musical tickets	FALSE	FALSE	FALSE
3570	no method	Frag: Zimmer für 1 Woche	can i have a hotel room for one night	FALSE	FALSE	FALSE
4168	no method	Frag: Zimmer für 1 Woche	i want a room for me a room for one week	FALSE	FALSE	FALSE
4457	no method	Frag: ein Hemd	i want the food store	FALSE	FALSE	FALSE
4458	no method	Frag: ein Hemd	i want the sunday roast	FALSE	FALSE	FALSE
3919	no method	Sag: Dies ist zu teuer	that is too expensive	FALSE	FALSE	FALSE
4449	no method	Sag: Dies ist zu teuer	this is too circus	FALSE	FALSE	FALSE
3661	no method	Sag: Ich möchte am Freitagabend gehen	i want to go at eight a m	FALSE	FALSE	FALSE
3944	no method	Frag: Hosen	i will pants	FALSE	FALSE	FALSE
4693	no method	Sag: Ich heisse Janet	i am fine	FALSE	FALSE	FALSE
4046	no method	Sag: Mein WC ist dreckig	my toilet is dirty s	FALSE	FALSE	FALSE
4440	no method	Frag: weisse Stiefel	i will buy white boots	FALSE	FALSE	FALSE
3666	no method	Sag: Ich möchte in der achten Reihe sitzen	in the day	FALSE	FALSE	FALSE
3668	no method	Sag: Ich möchte in der achten Reihe sitzen	i want sit in the eighth row	FALSE	FALSE	FALSE
4453	no method	Frag: blaue Sandalen	i would like to go	FALSE	FALSE	FALSE
3950	no method	Sag: Die Hose ist zu teuer	where is is too expensive	FALSE	FALSE	FALSE
4284	no method	Sag: Die Hose ist zu teuer	this trousers is too take shirts	FALSE	FALSE	FALSE
4653	no method	Frag: Jeans	can i have a pool	FALSE	FALSE	FALSE
4539	no method	Sag: Kann ich mit Kreditkarte bezahlen	can i buy with credit card	FALSE	FALSE	FALSE
4286	no method	Frag: Wo ist das Naturhistorische Museum?	i am looking for the natural week like to leave history museum	FALSE	FALSE	FALSE
4109	no method	Sag: Ich bin aus Australien	that is okay	FALSE	FALSE	FALSE
4498	no method	Sag: Ich bin aus Australien	i am from austria a twin room	FALSE	FALSE	FALSE
3862	no method	Sag: Marble Arch ist gegenüber dem Hyde Park	marble arch is the for five green park	FALSE	FALSE	FALSE
4100	no method	Sag: Marble Arch ist gegenüber dem Hyde Park	marble arch is the phantom of the hyde park	FALSE	FALSE	FALSE
4233	no method	Sag: Marble Arch ist gegenüber dem Hyde Park	there a hairdresser dresser where got i go in the room for two would like to have a red shirt is too like a coffee buy with post card card	FALSE	FALSE	FALSE
4234	no method	Sag: Marble Arch ist gegenüber dem Hyde Park	a bar is the hairdresser water with doh i pay by post card card	FALSE	FALSE	FALSE
4291	no method	Sag: Marble Arch ist gegenüber dem Hyde Park	marble arch is with doh week can i pay with card	FALSE	FALSE	FALSE
4635	no method	Sag: Marble Arch ist gegenüber dem Hyde Park	single would buy with cards to hyde park	FALSE	FALSE	FALSE
4636	no method	Sag: Marble Arch ist gegenüber dem Hyde Park	can i have a room	FALSE	FALSE	FALSE
4637	no method	Sag: Marble Arch ist gegenüber dem Hyde Park	can i have a large can i have a i want to have the card	FALSE	FALSE	FALSE
4250	no method	Frag: Zimmer für 3 Nächte	i will have a room for three nights sit in the eighth row no could i buy a room for three nights	FALSE	FALSE	FALSE
4476	no method	Frag: 2 Tickets nach London	i would like to sit in the room	FALSE	FALSE	FALSE
4162	no method	Frag: Zimmer für 2 Nächte	is there a room for two nights	FALSE	FALSE	FALSE
4066	no method	Sag: Ich möchte heute Abend gehen	do with visa	FALSE	FALSE	FALSE
4067	no method	Sag: Ich möchte heute Abend gehen	i want boots	FALSE	FALSE	FALSE
4068	no method	Sag: Ich möchte heute Abend gehen	i would like to sit in	FALSE	FALSE	FALSE
4550	no method	Frag: ein Ticket für Freitagabend	can i have a ticket for friday night can i have a ticket for friday night	FALSE	FALSE	FALSE
4551	no method	Frag: ein Ticket für Freitagabend	i am good a m	FALSE	FALSE	FALSE
4437	no method	Sag: Es ist nahe der Bank of England	is near the bank of england	FALSE	FALSE	FALSE
4609	no method	Frag: etwas Knoblauchbrot	can i have a a hairdresser	FALSE	FALSE	FALSE
4610	no method	Frag: etwas Knoblauchbrot	can i have a hairdresser	FALSE	FALSE	FALSE
4611	no method	Frag: etwas Knoblauchbrot	can i have a ticket to trafalgar square	FALSE	FALSE	FALSE
3645	no method	Sag: Die Hauptstadt von Österreich ist Wien	the capital of austria is	FALSE	FALSE	FALSE
3955	no method	Sag: Ich habe 1 Bruder	i have two brothers	FALSE	FALSE	FALSE
4327	no method	Frag: eine Limonade	i would like a room for four nights	FALSE	FALSE	FALSE
3799	no method	Frag: Gibt es einen Coiffeur?	is there have a bar	FALSE	FALSE	FALSE
4148	no method	Frag: Gibt es einen Coiffeur?	is there a grocery store	FALSE	FALSE	FALSE
4513	no method	Sag: Ich habe eine ältere Schwester	i have three older sisters	FALSE	FALSE	FALSE
4514	no method	Sag: Ich habe eine ältere Schwester	i have three older sisters	FALSE	FALSE	FALSE
4515	no method	Sag: Ich habe eine ältere Schwester	i have three older sisters	FALSE	FALSE	FALSE
3804	no method	Frag: Stiefel	i would like to leave a tea	FALSE	FALSE	FALSE
4266	no method	Frag: Stiefel	how are too have boots	FALSE	FALSE	FALSE
4357	no method	Frag: Stiefel	i would like a twin room	FALSE	FALSE	FALSE
4358	no method	Frag: Stiefel	i am fine i buy a single room	FALSE	FALSE	FALSE
4359	no method	Frag: Stiefel	i am fine would like some boots	FALSE	FALSE	FALSE
4361	no method	Frag: Grösse 43	i want my name is the	FALSE	FALSE	FALSE
4362	no method	Frag: Grösse 43	mastercard	FALSE	FALSE	FALSE
4455	no method	Frag: Grösse 43	where is the gym water	FALSE	FALSE	FALSE
3899	no method	Frag: 1 Musical-Ticket	tickets for wednesday evening	FALSE	FALSE	FALSE
3868	no method	Frag: Wo ist Madame Tussauds?	where is madame to go	FALSE	FALSE	FALSE
3890	no method	Frag: Suite	have a suite	FALSE	FALSE	FALSE
4251	no method	Frag: Suite		FALSE	FALSE	FALSE
4197	no method	Frag: ein Ticket nach London	i would want tickets room	FALSE	FALSE	FALSE
4299	no method	Frag: 5 Tickets nach London	i would like to go in the fifth buy with tickets to london	FALSE	FALSE	FALSE
4487	no method	Sag: Ich habe 4 Schwestern	i have a bar the room	FALSE	FALSE	FALSE
4269	no method	Frag: Grösse 39	thirty night	FALSE	FALSE	FALSE
3759	no method	Frag: Welcher Bus fährt dorthin?	twiss twin room	FALSE	FALSE	FALSE
4099	no method	Frag: Welcher Bus fährt dorthin?	which bus drives there	FALSE	FALSE	FALSE
4629	no method	Frag: Welcher Bus fährt dorthin?	which bus can i buy boots	FALSE	FALSE	FALSE
4559	no method	Sag: Ich möchte am Dienstagabend gehen	i like to go at tuesday night	FALSE	FALSE	FALSE
3730	no method	Frag: Gibt es einen Lift?	it is there a lift	FALSE	FALSE	FALSE
3768	no method	Frag: Gibt es einen Lift?	is there a room	FALSE	FALSE	FALSE
4683	no method	Frag: Gibt es einen Lift?	is there a pool	FALSE	FALSE	FALSE
4691	no method	Sag: Ich möchte am Mittwochabend abreisen	i like to leave on wednesday evening	FALSE	FALSE	FALSE
3584	no method	Frag: Tickets für die National Gallery	i would like i would like master nights card i am going on	FALSE	FALSE	FALSE
4011	no method	Frag: Gibt es ein Hotelrestaurant?	i would there a hotel restaurant	FALSE	FALSE	FALSE
4470	no method	Frag: 4 Tickets nach London	i will have four tickets room	FALSE	FALSE	FALSE
4471	no method	Frag: 4 Tickets nach London	i want night	FALSE	FALSE	FALSE
4472	no method	Frag: 4 Tickets nach London	i will buy four tickets room	FALSE	FALSE	FALSE
4676	no method	Frag: Wo ist der Coiffeur?	can you give me brown boots the hairdresser	FALSE	FALSE	FALSE
3605	no method	Frag: mein Steak rare	my steak rare	FALSE	FALSE	FALSE
4079	no method	Frag: mein Steak rare	i want steak rare	FALSE	FALSE	FALSE
4080	no method	Frag: mein Steak rare	i want a red shirt steak	FALSE	FALSE	FALSE
4081	no method	Frag: mein Steak rare	i would like to have a steak rare	FALSE	FALSE	FALSE
4399	no method	Sag: Ich möchte um 18 Uhr morgen abreisen	i want to leave at six p m tomorrow	FALSE	FALSE	FALSE
4203	no method	Sag: Ich bin aus Deutschland	i am from germany is berlin	FALSE	FALSE	FALSE
4434	no method	Frag: Wo ist Piccadilly Circus?	where is the piccadilly circus	FALSE	FALSE	FALSE
4435	no method	Frag: Wo ist Piccadilly Circus?	where is the swimming pool	FALSE	FALSE	FALSE
4447	no method	Frag: Wie viel kostet das T-Shirt?	how much is this is okay	FALSE	FALSE	FALSE
4262	no method	Frag: ein Ticket für Mittwochabend	where can i have a ticket for thursday night	FALSE	FALSE	FALSE
3679	no method	Frag: Gibt es ein Schwimmbad?	have you got a twin room	FALSE	FALSE	FALSE
4332	no method	Frag: Auberginen	i would like boots	FALSE	FALSE	FALSE
4333	no method	Frag: Auberginen	could i have some scones	FALSE	FALSE	FALSE
4486	no method	Sag: Die Hauptstadt von Italien ist Rom	the capital of the pool musical	FALSE	FALSE	FALSE
4656	no method	Frag: Wie viel kostet die Jeans?	how much are too king	FALSE	FALSE	FALSE
4657	no method	Frag: Wie viel kostet die Jeans?	how much does the jeans cost	FALSE	FALSE	FALSE
4069	no method	Frag: 3 Tickets für das Phantom der Oper	i want to stay for a double room	FALSE	FALSE	FALSE
3625	no method	Frag: ein Ticket für Montagabend	tickets for tomorrow at eight a m	FALSE	FALSE	FALSE
4485	no method	Sag: Ich bin aus Italien	i am from switzerland	FALSE	FALSE	FALSE
4688	no method	Sag: Ich bin aus Italien	i am from portugal	FALSE	FALSE	FALSE
4695	no method	Sag: Ich bin aus Italien	i am from tu	FALSE	FALSE	FALSE
4424	no method	Frag: Zimmer für 4 Nächte	i want room for four nights	FALSE	FALSE	FALSE
4442	no method	Frag: Grösse 42	red jeans forty two	FALSE	FALSE	FALSE
3621	no method	Sag: Ich heisse James	i will pay	FALSE	FALSE	FALSE
3703	no method	Sag: Ich bin aus Spanien	i am from twin room	FALSE	FALSE	FALSE
4482	no method	Sag: Ich bin aus Spanien	i want a room	FALSE	FALSE	FALSE
4483	no method	Sag: Ich bin aus Spanien	i am from a double room	FALSE	FALSE	FALSE
4492	no method	Sag: Ich bin aus Spanien	i am a um room	FALSE	FALSE	FALSE
4400	no method	Sag: Ich heisse Thomas	my name is james	FALSE	FALSE	FALSE
4632	no method	Sag: Ich muss gehen	i would like to go	FALSE	FALSE	FALSE
4115	no method	Frag: Gibt es einen Lebensmittelladen?	can i buy am got a supermarket	FALSE	FALSE	FALSE
4176	no method	Frag: Gibt es einen Lebensmittelladen?	france is there a supermarket	FALSE	FALSE	FALSE
4531	no method	Sag: Ich habe kleinere Note	i have smaller note	FALSE	FALSE	FALSE
4352	no method	Frag: eine S	i am looking for shirts	FALSE	FALSE	FALSE
4353	no method	Frag: eine S	italy	FALSE	FALSE	FALSE
4354	no method	Frag: eine S	with the master master card	FALSE	FALSE	FALSE
4220	no method	Frag: Junior Suite	can i have a hairdresser	FALSE	FALSE	FALSE
4494	no method	Sag: Ich habe 4 ältere Schwestern	i have the card of the opera	FALSE	FALSE	FALSE
4346	no method	Frag: Sandalen	i would like tickets for wicked	FALSE	FALSE	FALSE
4649	no method	Frag: Sandalen	i would like a fanta	FALSE	FALSE	FALSE
4586	no method	Frag: Bohnen	i would like go	FALSE	FALSE	FALSE
4587	no method	Frag: Bohnen	i would like some boots	FALSE	FALSE	FALSE
4047	no method	Sag: Im Zimmer hat es keinen Haarföhn	in the room	FALSE	FALSE	FALSE
4048	no method	Sag: Im Zimmer hat es keinen Haarföhn	the room has not a hairdresser	FALSE	FALSE	FALSE
4049	no method	Sag: Im Zimmer hat es keinen Haarföhn	in the room is not a hairdresser	FALSE	FALSE	FALSE
4180	no method	Sag: Im Zimmer hat es keinen Haarföhn	i come i could not find the	FALSE	FALSE	FALSE
4181	no method	Sag: Im Zimmer hat es keinen Haarföhn	i could not find the shower hair i am from	FALSE	FALSE	FALSE
4182	no method	Sag: Im Zimmer hat es keinen Haarföhn	i could not find any hair brian	FALSE	FALSE	FALSE
4183	no method	Frag: Wo kann ich einen Haarföhn kaufen?	where i can buy no i am brian	FALSE	FALSE	FALSE
4184	no method	Frag: Wo kann ich einen Haarföhn kaufen?	where can i buy you could i have a lift	FALSE	FALSE	FALSE
4007	no method	Frag: Twinzimmer	i want a double room	FALSE	FALSE	FALSE
4522	no method	Sag: Ich habe nur grosse Noten	i have only great note	FALSE	FALSE	FALSE
4535	no method	Sag: Ich habe nur grosse Noten	i have only big note	FALSE	FALSE	FALSE
4536	no method	Sag: Ich habe nur grosse Noten	i only have a small	FALSE	FALSE	FALSE
3650	no method	Sag: Ich gehe in die Ferien	i go into the holidays	FALSE	FALSE	FALSE
3815	no method	Sag: Ich gehe in die Ferien	i go in the holidays	FALSE	FALSE	FALSE
4408	no method	Sag: Ich gehe in die Ferien	i going on holidays	FALSE	FALSE	FALSE
4489	no method	Sag: Ich gehe in die Ferien	i go in the holidays	FALSE	FALSE	FALSE
4564	no method	Frag: einen Tee	can i have jeans	FALSE	FALSE	FALSE
4524	no method	Frag: Wo ist der Geldautomat?	where where is the eight p m	FALSE	FALSE	FALSE
4525	no method	Frag: Wo ist der Geldautomat?	where is the swimming pool on	FALSE	FALSE	FALSE
3630	no method	Sag: Ich möchte in der zweiten Reihe sitzen	i would like a ticket	FALSE	FALSE	FALSE
3631	no method	Sag: Ich möchte in der zweiten Reihe sitzen	i would sit in the fifth	FALSE	FALSE	FALSE
3900	no method	Frag: ein Ticket für morgen Abend	a ticket for	FALSE	FALSE	FALSE
3902	no method	Frag: ein Ticket für morgen Abend	tickets for tomorrow night	FALSE	FALSE	FALSE
4418	no method	Frag: ein Ticket für Mamma Mia	tickets for mamma mia	FALSE	FALSE	FALSE
4617	no method	Frag: Zitronenkuchen	i would like this is okay	FALSE	FALSE	FALSE
4618	no method	Frag: Zitronenkuchen	i would like the king of the opera	FALSE	FALSE	FALSE
4215	no method	Frag: Wo ist das Fitnessstudio?	where is the big the leo	FALSE	FALSE	FALSE
4256	no method	Frag: Wo ist das Fitnessstudio?	where is the science museum	FALSE	FALSE	FALSE
4257	no method	Frag: Wo ist das Fitnessstudio?	where is the tower is near the tower is in europe	FALSE	FALSE	FALSE
4258	no method	Frag: Wo ist das Fitnessstudio?	where is the piccadilly opera	FALSE	FALSE	FALSE
4227	no method	Frag: Wo ist das Science Museum?	where is a single where tuesday afternoon	FALSE	FALSE	FALSE
3757	no method	Frag: Wo ist der Tower?	where is the gym	FALSE	FALSE	FALSE
3860	no method	Frag: Wo ist der Tower?	you can't use help at the silver level	FALSE	FALSE	FALSE
4231	no method	Frag: Wo ist der Tower?	can you give me l where is the tower of london	FALSE	FALSE	FALSE
4644	no method	Frag: Wo ist der Tower?	where is the hotel bar	FALSE	FALSE	FALSE
4646	no method	Frag: Wo ist der Tower?	my name is paolo	FALSE	FALSE	FALSE
3904	no method	Frag: ein Ticket für Starlight Express	tickets for starlight express	FALSE	FALSE	FALSE
4038	no method	Frag: Wo ist der Haarföhn?	where is the hairdresser where with	FALSE	FALSE	FALSE
4039	no method	Frag: Wo ist der Haarföhn?	where is the hairdresser shirt	FALSE	FALSE	FALSE
4040	no method	Frag: Wo ist der Haarföhn?	where is the hairdresser where	FALSE	FALSE	FALSE
4118	no method	Frag: Wo ist der Lebensmittelladen?	where is there a grocery store	FALSE	FALSE	FALSE
3587	no method	Frag: ein Ticket zum Piccadilly Circus	are i would like a ticket to piccadilly circus	FALSE	FALSE	FALSE
3655	no method	Frag: ein Ticket zum Piccadilly Circus	like a ticket to piccadilly circus	FALSE	FALSE	FALSE
4308	no method	Frag: ein Ticket zum Piccadilly Circus	tickets to the have bill three tickets	FALSE	FALSE	FALSE
4309	no method	Frag: ein Ticket zum Piccadilly Circus	i want a ticket to pick is okay tickets	FALSE	FALSE	FALSE
4310	no method	Frag: ein Ticket zum Piccadilly Circus	i want a ticket to piccadilly circus tickets	FALSE	FALSE	FALSE
3602	no method	Frag: eine Cola	i would like a coffee	FALSE	FALSE	FALSE
4591	no method	Frag: eine Cola	can i have a lemonade	FALSE	FALSE	FALSE
3999	no method	Frag: 2 Tickets für heute Abend	i need two tickets for two nights	FALSE	FALSE	FALSE
4699	no method	Sag: Ich bin aus der Schweiz	i am from spain	FALSE	FALSE	FALSE
4642	no method	Sag: Saint Pauls Cathedral ist nahe der Bank of England	saint pauls cathedral is near to the bank of england	FALSE	FALSE	FALSE
4647	no method	Sag: Saint Pauls Cathedral ist nahe der Bank of England	the saint pauls cathedral is near the bank of england	FALSE	FALSE	FALSE
3611	no method	Sag: Mir geht es gut	i am a small	FALSE	FALSE	FALSE
4209	no method	Sag: Mir geht es gut	i would	FALSE	FALSE	FALSE
4210	no method	Sag: Mir geht es gut	i am going for holidays	FALSE	FALSE	FALSE
4265	no method	Sag: Mir geht es gut	i need sandals	FALSE	FALSE	FALSE
4273	no method	Sag: Mir geht es gut	i am from night	FALSE	FALSE	FALSE
4343	no method	Sag: Mir geht es gut	i have not i am from turkey	FALSE	FALSE	FALSE
4451	no method	Sag: Mir geht es gut	i want boots	FALSE	FALSE	FALSE
4480	no method	Sag: Ich möchte am Samstagabend abreisen	i want to leave at saturday night single room	FALSE	FALSE	FALSE
4156	no method	Frag: Wo kann ich ein Shampoo kaufen?	where can i buy a shampoo	FALSE	FALSE	FALSE
